|Player|Mat|Inns|Balls|Mdns|Runs|Wkts|4|5|catch|stumping|Ave|SR|Econ|three_plus_catches|dream11_score_field
320|Mohammad Ashraful|1|0|0|0|0|0|0|0|2|0|0.0|0.0|0.0|0|16.0
250|Kamran Akmal|6|0|0|0|0|0|0|0|5|4|0.0|0.0|0.0|1|15.33
71|B Geeves|2|2|48|0|91|1|0|0|3|0|91.0|48.0|11.38|1|14.0
309|MN van Wyk|5|0|0|0|0|0|0|0|7|0|0.0|0.0|0.0|2|12.8
330|N Saini|10|0|0|0|0|0|0|0|11|2|0.0|0.0|0.0|3|12.4
5|A Flintoff|3|3|66|0|105|2|0|0|4|0|52.5|33.0|9.55|1|12.0
234|KH Devdhar|1|0|0|0|0|0|0|0|0|1|0.0|0.0|0.0|0|12.0
172|H Klaasen|7|0|0|0|0|0|0|0|3|4|0.0|0.0|0.0|1|10.86
211|JM Bairstow|10|0|0|0|0|0|0|0|9|2|0.0|0.0|0.0|3|10.8
555|YV Takawale|16|0|0|0|0|0|0|0|13|4|0.0|0.0|0.0|4|10.5
278|M Rawat|18|0|0|0|0|0|0|0|16|2|0.0|0.0|0.0|5|9.56
9|A Mukund|3|0|0|0|0|0|0|0|3|0|0.0|0.0|0.0|1|9.33
89|BR Dunk|3|0|0|0|0|0|0|0|3|0|0.0|0.0|0.0|1|9.33
264|LPC Silva|3|1|6|0|21|0|0|0|3|0|0.0|0.0|21.0|1|9.33
267|LS Livingstone|4|1|6|0|13|0|0|0|4|0|0.0|0.0|13.0|1|9.0
217|JPR Scantlebury-Searles|4|3|42|0|89|2|0|0|4|0|44.5|21.0|12.71|1|9.0
35|AF Milne|5|5|108|0|177|4|0|0|5|0|44.25|27.0|9.83|1|8.8
27|AC Gilchrist|80|1|1|0|0|1|0|0|51|16|0.0|1.0|0.0|17|8.35
404|RR Pant|54|0|0|0|0|0|0|0|33|11|0.0|0.0|0.0|11|8.15
472|SP Goswami|29|0|0|0|0|0|0|0|16|7|0.0|0.0|0.0|5|8.0
482|SS Shaikh|2|0|0|0|0|0|0|0|2|0|0.0|0.0|0.0|0|8.0
150|DT Patil|2|0|0|0|0|0|0|0|2|0|0.0|0.0|0.0|0|8.0
367|PR Shah|16|0|0|0|0|0|0|0|10|3|0.0|0.0|0.0|3|8.0
418|Rasikh Salam|1|1|24|0|42|0|0|0|1|0|0.0|0.0|10.5|0|8.0
506|T Mishra|1|0|0|0|0|0|0|0|1|0|0.0|0.0|0.0|0|8.0
540|Vishnu Vinod|3|0|0|0|0|0|0|0|0|2|0.0|0.0|0.0|0|8.0
557|Younis Khan|1|0|0|0|0|0|0|0|1|0|0.0|0.0|0.0|0|8.0
122|DAJ Bracewell|1|1|24|0|32|3|0|0|1|0|10.67|8.0|8.0|0|8.0
402|RR Bhatkal|1|1|12|0|35|0|0|0|1|0|0.0|0.0|17.5|0|8.0
548|Y Gnaneswara Rao|2|1|6|0|7|0|0|0|2|0|0.0|0.0|7.0|0|8.0
355|P Simran Singh|1|0|0|0|0|0|0|0|1|0|0.0|0.0|0.0|0|8.0
285|MA Wood|1|1|24|0|49|0|0|0|1|0|0.0|0.0|12.25|0|8.0
478|SS Agarwal|1|1|24|0|42|1|0|0|1|0|42.0|24.0|10.5|0|8.0
431|S Midhun|1|1|12|0|27|0|0|0|1|0|0.0|0.0|13.5|0|8.0
372|Q de Kock|50|0|0|0|0|0|0|0|31|8|0.0|0.0|0.0|10|7.68
233|KD Karthik|182|0|0|0|0|0|0|0|109|30|0.0|0.0|0.0|36|7.56
232|KC Sangakkara|71|0|0|0|0|0|0|0|45|9|0.0|0.0|0.0|15|7.44
131|DJ Jacobs|7|0|0|0|0|0|0|0|3|2|0.0|0.0|0.0|1|7.43
230|KB Arun Karthik|17|0|0|0|0|0|0|0|11|2|0.0|0.0|0.0|3|7.29
76|B Sumanth|5|0|0|0|0|0|0|0|4|0|0.0|0.0|0.0|1|7.2
257|L Ronchi|5|0|0|0|0|0|0|0|4|0|0.0|0.0|0.0|1|7.2
313|MS Dhoni|190|0|0|0|0|0|0|0|98|38|0.0|0.0|0.0|32|7.2
258|LA Carseldine|5|1|6|0|6|1|0|0|4|0|6.0|6.0|6.0|1|7.2
108|CK Kapugedera|5|3|17|0|49|0|0|0|4|0|0.0|0.0|17.29|1|7.2
126|DH Yagnik|25|0|0|0|0|0|0|0|12|5|0.0|0.0|0.0|4|6.88
312|MS Bisla|39|0|0|0|0|0|0|0|20|7|0.0|0.0|0.0|6|6.87
415|RV Uthappa|177|0|0|0|0|0|0|0|84|32|0.0|0.0|0.0|28|6.6
544|WP Saha|120|0|0|0|0|0|0|0|59|19|0.0|0.0|0.0|19|6.47
341|NV Ojha|113|0|0|0|0|0|0|0|65|10|0.0|0.0|0.0|21|6.41
380|R Parag|7|7|84|0|121|2|0|0|5|0|60.5|42.0|8.64|1|6.29
456|SE Rutherford|7|6|41|0|59|1|0|0|5|0|59.0|41.0|8.63|1|6.29
498|Shoaib Malik|7|5|51|0|85|2|0|0|5|0|42.5|25.5|10.0|1|6.29
336|NK Patel|9|0|0|0|0|0|0|0|6|0|0.0|0.0|0.0|2|6.22
25|AB de Villiers|154|0|0|0|0|0|0|0|93|7|0.0|0.0|0.0|31|6.18
175|HH Pandya|66|60|869|0|1313|42|0|0|43|0|31.26|20.69|9.07|14|6.06
357|PA Patel|139|0|0|0|0|0|0|0|69|16|0.0|0.0|0.0|23|6.01
244|KMDN Kulasekara|6|5|102|0|120|5|0|0|4|0|24.0|20.4|7.06|1|6.0
111|CM Gautam|13|0|0|0|0|0|0|0|3|4|0.0|0.0|0.0|1|5.85
120|DA Miller|79|0|0|0|0|0|0|0|49|0|0.0|0.0|0.0|16|5.77
174|HH Gibbs|36|0|0|0|0|0|0|0|22|0|0.0|0.0|0.0|7|5.67
470|SO Hetmyer|5|0|0|0|0|0|0|0|3|0|0.0|0.0|0.0|1|5.6
62|Anirudh Singh|5|0|0|0|0|0|0|0|3|0|0.0|0.0|0.0|1|5.6
156|F du Plessis|71|1|6|0|16|0|0|0|42|0|0.0|0.0|16.0|14|5.52
243|KMA Paul|8|8|163|0|237|9|0|0|5|0|26.33|18.11|8.72|1|5.5
208|JJ Roy|8|0|0|0|0|0|0|0|5|0|0.0|0.0|0.0|1|5.5
284|MA Starc|27|26|580|1|693|34|1|0|16|0|20.38|17.06|7.17|5|5.48
487|SW Billings|22|0|0|0|0|0|0|0|13|0|0.0|0.0|0.0|4|5.45
199|JC Buttler|45|0|0|0|0|0|0|0|25|1|0.0|0.0|0.0|8|5.42
47|AP Dole|3|3|66|0|112|5|0|0|2|0|22.4|13.2|10.18|0|5.33
464|SM Harwood|3|3|60|0|73|3|0|0|2|0|24.33|20.0|7.3|0|5.33
1|A Chandila|12|12|234|0|242|11|1|0|7|0|22.0|21.27|6.21|2|5.33
340|NS Naik|3|0|0|0|0|0|0|0|2|0|0.0|0.0|0.0|0|5.33
88|BMAJ Mendis|3|2|30|0|36|1|0|0|2|0|36.0|30.0|7.2|0|5.33
134|DJ Willey|3|3|60|0|95|2|0|0|2|0|47.5|30.0|9.5|0|5.33
411|RS Sodhi|3|0|0|0|0|0|0|0|2|0|0.0|0.0|0.0|0|5.33
316|MV Boucher|31|0|0|0|0|0|0|0|14|3|0.0|0.0|0.0|4|5.29
228|KA Pollard|148|81|1199|0|1770|56|1|0|82|0|31.61|21.41|8.86|27|5.16
26|AC Blizzard|7|0|0|0|0|0|0|0|4|0|0.0|0.0|0.0|1|5.14
127|DJ Bravo|134|131|2585|2|3618|147|2|0|74|0|24.61|17.59|8.4|24|5.13
13|A Symonds|39|30|527|0|674|20|0|0|21|0|33.7|26.35|7.67|7|5.03
419|S Anirudha|20|0|0|0|0|0|0|0|11|0|0.0|0.0|0.0|3|5.0
395|RJ Harris|37|37|832|3|1047|45|1|0|20|0|23.27|18.49|7.55|6|4.97
192|J Botha|34|34|694|0|800|25|0|0|18|0|32.0|27.76|6.92|6|4.94
458|SK Raina|193|69|908|0|1118|25|0|0|102|0|44.72|36.32|7.39|34|4.93
296|MJ Guptill|13|0|0|0|0|0|0|0|7|0|0.0|0.0|0.0|2|4.92
240|KL Rahul|67|0|0|0|0|0|0|0|29|5|0.0|0.0|0.0|9|4.9
399|RK Singh|9|0|0|0|0|0|0|0|5|0|0.0|0.0|0.0|1|4.89
475|SPD Smith|81|1|2|0|5|0|0|0|42|0|0.0|0.0|15.0|14|4.84
269|M Kaif|29|0|0|0|0|0|0|0|15|0|0.0|0.0|0.0|5|4.83
486|SV Samson|93|0|0|0|0|0|0|0|43|4|0.0|0.0|0.0|14|4.82
193|J Suchith|15|14|270|0|396|12|0|0|8|0|33.0|22.5|8.8|2|4.8
532|V Shankar|33|10|84|0|147|2|0|0|17|0|73.5|42.0|10.5|5|4.73
133|DJ Thornely|6|4|42|0|40|3|0|0|3|0|13.33|14.0|5.71|1|4.67
510|T Thushara|6|6|135|0|161|8|0|0|3|0|20.12|16.88|7.16|1|4.67
158|FY Fazal|12|2|12|0|20|0|0|0|6|0|0.0|0.0|10.0|2|4.67
444|SA Yadav|85|1|6|0|8|0|0|0|42|0|0.0|0.0|8.0|14|4.61
302|MK Pandey|130|0|0|0|0|0|0|0|63|0|0.0|0.0|0.0|21|4.52
541|W Jaffer|8|0|0|0|0|0|0|0|4|0|0.0|0.0|0.0|1|4.5
360|PD Collingwood|8|6|89|0|101|5|0|0|4|0|20.2|17.8|6.81|1|4.5
496|Shoaib Ahmed|8|7|102|0|152|5|0|0|4|0|30.4|20.4|8.94|1|4.5
67|Avesh Khan|8|8|156|0|257|5|0|0|4|0|51.4|31.2|9.88|1|4.5
238|KK Cooper|25|25|576|1|757|33|1|0|12|0|22.94|17.45|7.89|4|4.48
190|Ishan Kishan|37|0|0|0|0|0|0|0|15|2|0.0|0.0|0.0|5|4.43
287|MC Henriques|57|55|890|0|1244|38|0|0|27|0|32.74|23.42|8.39|9|4.42
149|DT Christian|40|40|783|0|1037|34|0|0|19|0|30.5|23.03|7.95|6|4.4
83|BCJ Cutting|21|17|281|0|429|10|0|0|10|0|42.9|28.1|9.16|3|4.38
18|AA Jhunjhunwala|21|10|85|0|129|1|0|0|10|0|129.0|85.0|9.11|3|4.38
303|MK Tiwary|98|6|42|0|83|1|0|0|46|0|83.0|42.0|11.86|15|4.37
110|CL White|47|6|42|0|86|1|0|0|22|0|86.0|42.0|12.29|7|4.34
323|Mohammad Nabi|13|13|271|0|299|11|1|0|6|0|27.18|24.64|6.62|2|4.31
153|EJG Morgan|52|0|0|0|0|0|0|0|24|0|0.0|0.0|0.0|8|4.31
242|KM Jadhav|79|0|0|0|0|0|0|0|27|7|0.0|0.0|0.0|9|4.25
170|Gurkeerat Singh|33|6|78|0|97|5|0|0|14|1|19.4|15.6|7.46|4|4.24
279|M Vijay|103|4|36|0|49|0|0|0|47|0|0.0|0.0|8.17|15|4.23
223|K Gowtham|22|22|360|0|478|12|0|0|10|0|39.83|30.0|7.97|3|4.18
146|DR Smith|91|46|539|0|810|26|1|0|41|0|31.15|20.73|9.02|13|4.18
102|CH Morris|61|61|1284|0|1709|69|2|0|27|0|24.77|18.61|7.99|9|4.13
394|RG Sharma|188|30|332|0|440|15|1|0|83|0|29.33|22.13|7.95|27|4.11
291|MEK Hussey|59|0|0|0|0|0|0|0|26|0|0.0|0.0|0.0|8|4.07
46|AN Ghosh|2|0|0|0|0|0|0|0|1|0|0.0|0.0|0.0|0|4.0
384|R Shukla|7|7|120|0|208|5|0|0|3|0|41.6|24.0|10.4|1|4.0
84|BE Hendricks|7|7|150|0|235|9|0|0|3|0|26.11|16.67|9.4|1|4.0
213|JO Holder|11|11|216|0|306|5|0|0|5|0|61.2|43.2|8.5|1|4.0
8|A Mithun|16|16|288|0|472|7|0|0|7|0|67.43|41.14|9.83|2|4.0
337|NL McCullum|2|2|30|0|34|0|0|0|1|0|0.0|0.0|6.8|0|4.0
393|RG More|2|2|35|0|59|1|0|0|1|0|59.0|35.0|10.11|0|4.0
154|ER Dwivedi|4|0|0|0|0|0|0|0|2|0|0.0|0.0|0.0|0|4.0
473|SP Jackson|4|0|0|0|0|0|0|0|2|0|0.0|0.0|0.0|0|4.0
181|Harpreet Singh|4|0|0|0|0|0|0|0|2|0|0.0|0.0|0.0|0|4.0
226|K Santokie|2|2|48|0|90|3|0|0|1|0|30.0|16.0|11.25|0|4.0
128|DJ Harris|4|2|18|0|26|0|0|0|2|0|0.0|0.0|8.67|0|4.0
524|UA Birla|2|0|0|0|0|0|0|0|1|0|0.0|0.0|0.0|0|4.0
379|R Ninan|2|2|36|0|65|3|0|0|1|0|21.67|12.0|10.83|0|4.0
229|KAJ Roach|2|2|48|0|80|0|0|0|1|0|0.0|0.0|10.0|0|4.0
121|DA Warner|126|0|0|0|0|0|0|0|54|0|0.0|0.0|0.0|18|4.0
251|Kamran Khan|9|9|160|0|224|9|0|0|4|0|24.89|17.78|8.4|1|4.0
202|JDP Oram|18|14|237|0|349|9|0|0|8|0|38.78|26.33|8.84|2|4.0
424|S Dhawan|159|6|48|0|66|4|0|0|68|0|16.5|12.0|8.25|22|3.97
513|TG Southee|40|40|888|2|1293|28|0|0|17|0|46.18|31.71|8.74|5|3.9
511|TA Boult|33|33|765|1|1120|38|0|0|14|0|29.47|20.13|8.78|4|3.88
51|AR Patel|82|81|1713|2|2129|71|1|0|34|0|29.99|24.13|7.46|11|3.85
529|V Kohli|177|26|251|0|368|4|0|0|73|0|92.0|62.75|8.8|24|3.84
222|K Goel|22|6|66|0|93|0|0|0|9|0|0.0|0.0|8.45|3|3.82
135|DJG Sammy|22|19|236|0|350|11|1|0|9|0|31.82|21.45|8.9|3|3.82
80|BB McCullum|109|0|0|0|0|0|0|0|37|6|0.0|0.0|0.0|12|3.82
54|AS Raut|22|5|30|0|44|0|0|0|9|0|0.0|0.0|8.8|3|3.82
78|BA Stokes|34|30|587|2|808|26|0|0|14|0|31.08|22.58|8.26|4|3.76
259|LA Pomersbach|17|0|0|0|0|0|0|0|7|0|0.0|0.0|0.0|2|3.76
118|D Wiese|15|14|278|0|402|16|1|0|6|0|25.12|17.38|8.68|2|3.73
143|DPMD Jayawardene|80|0|0|0|0|0|0|0|32|0|0.0|0.0|0.0|10|3.7
542|WA Mota|12|7|72|0|97|4|0|0|5|0|24.25|18.0|8.08|1|3.67
298|MJ Lumb|12|0|0|0|0|0|0|0|5|0|0.0|0.0|0.0|1|3.67
130|DJ Hussey|64|26|317|0|474|8|0|0|25|0|59.25|39.62|8.97|8|3.62
247|KS Williamson|41|1|6|0|7|0|0|0|16|0|0.0|0.0|7.0|5|3.61
492|Shahid Afridi|10|10|180|0|225|9|0|0|4|0|25.0|20.0|7.5|1|3.6
412|RT Ponting|10|0|0|0|0|0|0|0|4|0|0.0|0.0|0.0|1|3.6
385|R Tewatia|20|18|296|0|354|14|0|0|8|0|25.29|21.14|7.18|2|3.6
43|AM Rahane|140|1|6|0|5|1|0|0|54|0|5.0|6.0|5.0|18|3.6
32|AD Mathews|49|44|791|0|1079|27|1|0|19|0|39.96|29.3|8.18|6|3.59
113|CR Woakes|18|18|374|0|576|25|0|0|7|0|23.04|14.96|9.24|2|3.56
516|TM Dilshan|52|25|271|0|366|5|0|0|20|0|73.2|54.2|8.1|6|3.54
57|AT Rayudu|147|0|0|0|0|0|0|0|53|2|0.0|0.0|0.0|17|3.51
87|BJ Rohrer|8|1|6|0|12|0|0|0|3|0|0.0|0.0|12.0|1|3.5
152|E Lewis|16|0|0|0|0|0|0|0|6|0|0.0|0.0|0.0|2|3.5
61|Anand Rajan|8|8|149|0|201|8|0|0|3|0|25.12|18.62|8.09|1|3.5
556|Yashpal Singh|8|0|0|0|0|0|0|0|3|0|0.0|0.0|0.0|1|3.5
282|MA Agarwal|77|0|0|0|0|0|0|0|29|0|0.0|0.0|0.0|9|3.48
166|GJ Maxwell|69|43|420|0|611|16|0|0|26|0|38.19|26.25|8.73|8|3.48
387|RA Jadeja|170|142|2495|1|3152|108|3|1|63|0|29.19|23.1|7.58|21|3.46
450|SC Ganguly|59|20|276|0|363|10|0|0|22|0|36.3|27.6|7.89|7|3.46
392|RE van der Merwe|21|21|443|1|498|21|0|0|8|0|23.71|21.1|6.74|2|3.43
525|UBT Chand|21|0|0|0|0|0|0|0|8|0|0.0|0.0|0.0|2|3.43
499|Shubman Gill|27|0|0|0|0|0|0|0|10|0|0.0|0.0|0.0|3|3.41
455|SE Marsh|71|0|0|0|0|0|0|0|26|0|0.0|0.0|0.0|8|3.38
215|JP Duminy|83|49|678|0|834|23|1|0|30|0|36.26|29.48|7.38|10|3.37
272|M Manhas|55|3|42|0|42|0|0|0|20|0|0.0|0.0|6.0|6|3.35
317|Mandeep Singh|97|2|12|0|26|0|0|0|35|0|0.0|0.0|13.0|11|3.34
129|DJ Hooda|61|20|223|0|313|7|0|0|22|0|44.71|31.86|8.42|7|3.34
103|CJ Anderson|30|22|297|0|518|11|0|0|11|0|47.09|27.0|10.46|3|3.33
469|SN Thakur|36|35|707|1|1065|36|0|0|13|0|29.58|19.64|9.04|4|3.33
446|SB Jakati|59|57|1085|1|1451|47|2|0|21|0|30.87|23.09|8.02|7|3.32
479|SS Iyer|62|0|0|0|0|0|0|0|22|0|0.0|0.0|0.0|7|3.29
389|RA Tripathi|34|1|6|0|12|0|0|0|12|0|0.0|0.0|12.0|4|3.29
270|M Kartik|56|55|1150|1|1388|31|0|0|20|0|44.77|37.1|7.24|6|3.29
106|CJ Jordan|11|11|198|0|298|12|1|0|4|0|24.83|16.5|9.03|1|3.27
401|RP Singh|82|82|1775|2|2338|90|2|0|29|0|25.98|19.72|7.9|9|3.27
500|Sohail Tanvir|11|11|247|0|266|22|1|1|4|0|12.09|11.23|6.46|1|3.27
311|MR Marsh|20|18|315|0|414|20|1|0|7|0|20.7|15.75|7.89|2|3.2
407|RR Rossouw|5|0|0|0|0|0|0|0|2|0|0.0|0.0|0.0|0|3.2
523|U Kaul|5|0|0|0|0|0|0|0|2|0|0.0|0.0|0.0|0|3.2
263|LMP Simmons|29|1|18|0|34|1|0|0|10|0|34.0|18.0|11.33|3|3.17
200|JD Ryder|29|16|236|1|303|8|0|0|10|0|37.88|29.5|7.7|3|3.17
249|KW Richardson|14|14|317|0|443|18|0|0|5|0|24.61|17.61|8.38|1|3.14
68|Azhar Mahmood|23|23|537|0|700|29|0|0|8|0|24.14|18.52|7.82|2|3.13
124|DB Ravi Teja|32|2|18|0|28|1|0|0|11|0|28.0|18.0|9.33|3|3.12
304|ML Hayden|32|0|0|0|0|0|0|0|11|0|0.0|0.0|0.0|3|3.12
225|K Rabada|18|18|410|0|556|31|2|0|6|0|17.94|13.23|8.14|2|3.11
494|Shivam Mavi|9|9|168|0|270|5|0|0|3|0|54.0|33.6|9.64|1|3.11
539|VY Mahesh|18|17|339|0|499|21|1|0|6|0|23.76|16.14|8.83|2|3.11
81|BB Samantray|9|0|0|0|0|0|0|0|3|0|0.0|0.0|0.0|1|3.11
246|KP Pietersen|36|13|174|0|215|7|0|0|12|0|30.71|24.86|7.41|4|3.11
86|BJ Hodge|66|20|234|0|303|17|1|0|22|0|17.82|13.76|7.77|7|3.09
386|R Vinay Kumar|105|104|2121|1|2966|105|1|0|35|0|28.25|20.2|8.39|11|3.09
34|AD Russell|64|61|1039|0|1538|55|1|0|21|0|27.96|18.89|8.88|7|3.06
546|Washington Sundar|21|20|354|0|451|16|0|0|7|0|28.19|22.12|7.64|2|3.05
266|LRPL Taylor|55|2|12|0|24|0|0|0|18|0|0.0|0.0|12.0|6|3.05
235|KH Pandya|55|53|944|0|1128|40|0|0|18|0|28.2|23.6|7.17|6|3.05
417|Rashid Khan|46|46|1092|3|1193|55|0|0|15|0|21.69|19.85|6.55|5|3.04
531|V Sehwag|104|15|136|0|235|6|0|0|34|0|39.17|22.67|10.37|11|3.04
338|NLTC Perera|37|36|698|0|1016|31|0|0|12|0|32.77|22.52|8.73|4|3.03
196|J Yadav|12|12|222|0|246|5|0|0|4|0|49.2|44.4|6.65|1|3.0
381|R Rampaul|12|12|262|4|298|14|0|0|4|0|21.29|18.71|6.82|1|3.0
38|AJ Finch|75|5|43|0|67|1|0|0|24|0|67.0|43.0|9.35|8|2.99
206|JH Kallis|98|89|1742|3|2293|65|0|0|31|0|35.28|26.8|7.9|10|2.94
138|DL Vettori|34|34|777|0|879|28|0|0|11|0|31.39|27.75|6.79|3|2.94
141|DP Nannes|29|29|645|1|785|28|0|0|9|0|28.04|23.04|7.3|3|2.9
239|KK Nair|69|0|0|0|0|0|0|0|21|0|0.0|0.0|0.0|7|2.84
185|IK Pathan|103|101|2043|10|2649|80|0|0|31|0|33.11|25.54|7.78|10|2.8
114|CRD Fernando|10|10|234|0|298|17|1|0|3|0|17.53|13.76|7.64|1|2.8
178|Harbhajan Singh|160|157|3374|6|3967|150|1|1|48|0|26.45|22.49|7.05|16|2.8
443|SA Asnodkar|20|0|0|0|0|0|0|0|6|0|0.0|0.0|0.0|2|2.8
350|P Negi|50|42|716|0|939|34|1|0|15|0|27.62|21.06|7.87|5|2.8
406|RR Raje|10|10|139|0|209|6|0|0|3|0|34.83|23.17|9.02|1|2.8
205|JEC Franklin|20|15|151|0|220|9|0|0|6|0|24.44|16.78|8.74|2|2.8
517|TM Head|10|5|48|0|81|2|0|0|3|0|40.5|24.0|10.12|1|2.8
201|JD Unadkat|73|72|1506|3|2192|77|0|2|22|0|28.47|19.56|8.73|7|2.79
343|OA Shah|23|0|0|0|0|0|0|0|7|0|0.0|0.0|0.0|2|2.78
95|C Munro|13|2|12|0|15|0|0|0|4|0|0.0|0.0|7.5|1|2.77
348|P Dogra|13|0|0|0|0|0|0|0|4|0|0.0|0.0|0.0|1|2.77
325|Mohammed Siraj|26|26|553|1|848|28|1|0|8|0|30.29|19.75|9.2|2|2.77
339|NM Coulter-Nile|26|25|563|1|719|36|1|0|8|0|19.97|15.64|7.66|2|2.77
112|CR Brathwaite|16|16|254|0|379|13|0|0|5|0|29.15|19.54|8.95|1|2.75
221|Joginder Sharma|16|15|256|0|419|12|0|0|5|0|34.92|21.33|9.82|1|2.75
476|SR Tendulkar|78|4|36|0|58|0|0|0|23|0|0.0|0.0|9.67|7|2.72
265|LR Shukla|47|27|314|0|447|15|0|0|14|0|29.8|20.93|8.54|4|2.72
426|S Gopal|31|30|589|1|737|38|1|0|9|0|19.39|15.5|7.51|3|2.71
0|A Ashish Reddy|31|20|262|0|396|18|0|0|9|0|22.0|14.56|9.07|3|2.71
460|SK Warne|55|54|1194|1|1447|57|1|0|16|0|25.39|20.95|7.27|5|2.69
140|DNT Zoysa|3|3|66|0|99|2|0|0|1|0|49.5|33.0|9.0|0|2.67
391|RE Levi|6|0|0|0|0|0|0|0|2|0|0.0|0.0|0.0|0|2.67
509|T Taibu|3|0|0|0|0|0|0|0|1|0|0.0|0.0|0.0|0|2.67
155|F Behardien|3|0|0|0|0|0|0|0|1|0|0.0|0.0|0.0|0|2.67
30|AD Hales|6|0|0|0|0|0|0|0|2|0|0.0|0.0|0.0|0|2.67
409|RS Bopara|24|14|206|0|292|11|0|0|7|0|26.55|18.73|8.5|2|2.67
227|K Upadhyay|3|3|54|0|81|0|0|0|1|0|0.0|0.0|9.0|0|2.67
344|P Amarnath|6|6|132|0|236|7|0|0|2|0|33.71|18.86|10.73|0|2.67
116|D Kalyankrishna|3|3|48|0|87|2|0|0|1|0|43.5|24.0|10.88|0|2.67
117|D Salunkhe|6|5|48|0|78|1|0|0|2|0|78.0|48.0|9.75|0|2.67
375|R Bishnoi|3|0|0|0|0|0|0|0|1|0|0.0|0.0|0.0|0|2.67
218|JR Hopes|21|20|360|0|548|14|0|0|6|0|39.14|25.71|9.13|2|2.67
60|Abhishek Sharma|6|2|12|0|21|1|0|0|2|0|21.0|12.0|10.5|0|2.67
436|S Sandeep Warrier|3|3|72|0|85|2|0|0|1|0|42.5|36.0|7.08|0|2.67
334|NJ Maddinson|3|0|0|0|0|0|0|0|1|0|0.0|0.0|0.0|0|2.67
125|DE Bollinger|27|27|576|3|693|37|1|0|8|0|18.73|15.57|7.22|2|2.67
52|AS Joseph|3|3|52|1|87|6|0|1|1|0|14.5|8.67|10.04|0|2.67
488|SW Tait|21|21|473|1|640|23|0|0|6|0|27.83|20.57|8.12|2|2.67
477|SR Watson|134|105|2029|3|2682|92|1|0|38|0|29.15|22.05|7.93|12|2.63
483|SS Tiwary|81|0|0|0|0|0|0|0|23|0|0.0|0.0|0.0|7|2.62
189|Iqbal Abdulla|49|48|920|1|1109|40|0|0|14|0|27.72|23.0|7.23|4|2.61
293|MG Johnson|54|54|1232|2|1702|61|0|0|15|0|27.9|20.2|8.29|5|2.59
231|KC Cariappa|11|11|216|0|348|8|0|0|3|0|43.5|27.0|9.67|1|2.55
434|S Rana|11|3|16|0|18|0|0|0|3|0|0.0|0.0|6.75|1|2.55
371|Parvez Rasool|11|11|198|0|271|4|0|0|3|0|67.75|49.5|8.21|1|2.55
383|R Sharma|44|44|928|1|1086|40|0|0|12|0|27.15|23.2|7.02|4|2.55
49|AP Tare|35|0|0|0|0|0|0|0|3|5|0.0|0.0|0.0|1|2.51
165|GJ Bailey|40|0|0|0|0|0|0|0|11|0|0.0|0.0|0.0|3|2.5
253|Kuldeep Yadav|40|39|824|0|1144|39|1|0|11|0|29.33|21.13|8.33|3|2.5
400|RN ten Doeschate|29|10|78|0|94|2|0|0|8|0|47.0|39.0|7.23|2|2.48
216|JP Faulkner|60|60|1227|4|1778|59|0|2|16|0|30.14|20.8|8.69|5|2.47
40|AJ Tye|26|26|594|0|822|39|3|1|7|0|21.08|15.23|8.3|2|2.46
280|M Vohra|49|0|0|0|0|0|0|0|13|0|0.0|0.0|0.0|4|2.45
374|R Bhatia|95|91|1636|1|2020|71|1|0|25|0|28.45|23.04|7.41|8|2.44
378|R McLaren|18|18|354|0|542|12|0|0|5|0|45.17|29.5|9.19|1|2.44
489|Sachin Baby|18|2|10|0|8|2|0|0|5|0|4.0|5.0|4.8|1|2.44
151|DW Steyn|92|92|2106|7|2375|96|0|0|24|0|24.74|21.94|6.77|8|2.43
74|B Lee|38|38|875|3|1095|25|0|0|10|0|43.8|35.0|7.51|3|2.42
364|PP Chawla|157|156|3124|2|4072|150|2|0|40|0|27.15|20.83|7.82|13|2.37
177|HV Patel|43|41|836|0|1215|43|0|0|11|0|28.26|19.44|8.72|3|2.33
36|AG Murtaza|12|12|264|0|313|9|0|0|3|0|34.78|29.33|7.11|1|2.33
164|GH Vihari|24|6|42|0|47|1|0|0|6|0|47.0|42.0|6.71|2|2.33
553|YK Pathan|174|82|1147|1|1415|42|0|0|43|0|33.69|27.31|7.4|14|2.3
518|TM Srivastava|7|0|0|0|0|0|0|0|2|0|0.0|0.0|0.0|0|2.29
44|AM Salvi|7|7|150|0|200|7|0|0|2|0|28.57|21.43|8.0|0|2.29
136|DJM Short|7|2|18|0|19|1|0|0|2|0|19.0|18.0|6.33|0|2.29
186|IR Jaggi|7|0|0|0|0|0|0|0|2|0|0.0|0.0|0.0|0|2.29
260|LE Plunkett|7|7|150|0|225|4|0|0|2|0|56.25|37.5|9.0|0|2.29
262|LJ Wright|7|6|71|0|124|2|0|0|2|0|62.0|35.5|10.48|0|2.29
2|A Chopra|7|0|0|0|0|0|0|0|2|0|0.0|0.0|0.0|0|2.29
490|Salman Butt|7|0|0|0|0|0|0|0|2|0|0.0|0.0|0.0|0|2.29
147|DS Kulkarni|90|90|1745|8|2404|86|1|0|22|0|27.95|20.29|8.27|7|2.27
527|UT Yadav|119|118|2480|3|3496|119|2|0|29|0|29.38|20.84|8.46|9|2.25
390|RD Chahar|16|15|324|0|366|15|0|0|4|0|24.4|21.6|6.78|1|2.25
99|CA Lynn|41|0|0|0|0|0|0|0|10|0|0.0|0.0|0.0|3|2.24
97|C de Grandhomme|25|19|216|0|319|6|0|0|6|0|53.17|36.0|8.86|2|2.24
184|IC Pandey|25|24|462|4|591|18|0|0|6|0|32.83|25.67|7.68|2|2.24
366|PP Shaw|25|0|0|0|0|0|0|0|6|0|0.0|0.0|0.0|2|2.24
306|MM Patel|63|63|1355|5|1698|74|2|1|15|0|22.95|18.31|7.52|5|2.22
161|GC Smith|29|0|0|0|0|0|0|0|7|0|0.0|0.0|0.0|2|2.21
310|MP Stoinis|29|24|367|0|569|15|1|0|7|0|37.93|24.47|9.3|2|2.21
6|A Kumble|42|42|965|1|1058|45|2|1|10|0|23.51|21.44|6.58|3|2.19
188|Imran Tahir|55|55|1226|1|1611|79|3|0|13|0|20.39|15.52|7.88|4|2.18
558|Yuvraj Singh|132|73|869|0|1077|36|2|0|31|0|29.92|24.14|7.44|10|2.18
413|RV Gomez|13|9|96|1|129|5|0|0|3|0|25.8|19.2|8.06|1|2.15
331|NA Saini|13|13|288|0|397|11|0|0|3|0|36.09|26.18|8.27|1|2.15
31|AD Mascarenhas|13|13|308|1|356|19|0|1|3|0|18.74|16.21|6.94|1|2.15
17|AA Chavan|13|13|248|0|326|8|0|0|3|0|40.75|31.0|7.89|1|2.15
376|R Dhawan|26|25|488|1|640|18|0|0|6|0|35.56|27.11|7.87|2|2.15
549|Y Nagar|26|8|66|0|125|4|0|0|6|0|31.25|16.5|11.36|2|2.15
72|B Kumar|117|117|2612|8|3154|133|2|1|27|0|23.71|19.64|7.25|9|2.15
515|TL Suman|43|11|150|0|197|6|0|0|10|0|32.83|25.0|7.88|3|2.14
373|R Ashwin|139|136|2924|4|3309|125|1|0|32|0|26.47|23.39|6.79|10|2.13
275|M Muralitharan|66|66|1524|1|1696|63|0|0|15|0|26.92|24.19|6.68|5|2.12
554|YS Chahal|84|83|1787|3|2318|100|2|0|19|0|23.18|17.87|7.78|6|2.1
123|DB Das|31|0|0|0|0|0|0|0|7|0|0.0|0.0|0.0|2|2.06
248|KV Sharma|63|61|1108|1|1445|54|2|0|14|0|26.76|20.52|7.82|4|2.03
408|RR Sarwan|4|0|0|0|0|0|0|0|1|0|0.0|0.0|0.0|0|2.0
10|A Nehra|88|88|1908|2|2495|106|1|0|19|0|23.54|18.0|7.85|6|2.0
342|O Thomas|4|4|60|0|79|5|0|0|1|0|15.8|12.0|7.9|0|2.0
58|AUK Pathan|8|3|39|0|63|0|0|0|2|0|0.0|0.0|9.69|0|2.0
505|T Kohli|4|0|0|0|0|0|0|0|1|0|0.0|0.0|0.0|0|2.0
508|T Shamsi|4|4|96|0|147|3|0|0|1|0|49.0|32.0|9.19|0|2.0
300|MJ Santner|4|4|84|0|94|4|0|0|1|0|23.5|21.0|6.71|0|2.0
301|MK Lomror|4|2|18|0|27|0|0|0|1|0|0.0|0.0|9.0|0|2.0
425|S Dube|4|2|10|0|8|0|0|0|1|0|0.0|0.0|4.8|0|2.0
432|S Nadeem|64|62|1259|2|1570|42|0|0|14|0|37.38|29.98|7.48|4|2.0
435|S Randiv|8|8|174|0|223|6|0|0|2|0|37.17|29.0|7.69|0|2.0
440|S Tyagi|14|14|209|0|295|6|0|0|3|0|49.17|34.83|8.47|1|2.0
467|SMSM Senanayake|8|8|192|1|209|9|0|0|2|0|23.22|21.33|6.53|0|2.0
42|AM Nayar|60|19|229|0|322|9|0|0|13|0|35.78|25.44|8.44|4|2.0
457|SJ Srivastava|14|14|282|0|441|14|0|0|3|0|31.5|20.14|9.38|1|2.0
307|MM Sharma|85|85|1730|0|2425|91|1|0|18|0|26.65|19.01|8.41|6|1.98
559|Z Khan|100|99|2200|5|2782|102|1|0|21|0|27.27|21.57|7.59|7|1.96
92|Bipul Sharma|33|28|426|0|572|17|0|0|7|0|33.65|25.06|8.06|2|1.94
197|JA Morkel|91|87|1723|3|2359|85|1|0|19|0|27.75|20.27|8.21|6|1.93
65|Anureet Singh|23|22|412|0|623|18|0|0|5|0|34.61|22.89|9.07|1|1.91
91|Basil Thampi|19|19|401|0|648|16|0|0|4|0|40.5|25.06|9.7|1|1.89
377|R Dravid|89|0|0|0|0|0|0|0|18|0|0.0|0.0|0.0|6|1.89
420|S Aravind|38|38|760|0|1039|45|2|0|8|0|23.09|16.89|8.2|2|1.89
100|CA Pujara|30|0|0|0|0|0|0|0|6|0|0.0|0.0|0.0|2|1.87
28|AC Thomas|15|15|315|2|406|14|0|0|3|0|29.0|22.5|7.73|1|1.87
69|B Akhil|15|13|188|0|242|6|0|0|3|0|40.33|31.33|7.72|1|1.87
101|CH Gayle|125|37|549|0|724|18|0|0|25|0|40.22|30.5|7.91|8|1.86
551|Y Venugopal Rao|65|20|216|0|337|6|0|0|13|0|56.17|36.0|9.36|4|1.85
485|STR Binny|95|63|594|0|758|22|0|0|19|0|34.45|27.0|7.66|6|1.85
329|N Rana|46|12|91|0|119|7|0|0|9|0|17.0|13.0|7.85|3|1.83
292|MF Maharoof|20|20|420|0|520|27|0|0|4|0|19.26|15.56|7.43|1|1.8
538|VVS Laxman|20|0|0|0|0|0|0|0|4|0|0.0|0.0|0.0|1|1.8
105|CJ Ferguson|9|0|0|0|0|0|0|0|2|0|0.0|0.0|0.0|0|1.78
463|SM Curran|9|9|198|0|323|10|1|0|2|0|32.3|19.8|9.79|0|1.78
252|Karanveer Singh|9|9|204|0|321|12|1|0|2|0|26.75|17.0|9.44|0|1.78
430|S Lamichhane|9|9|210|0|292|13|0|0|2|0|22.46|16.15|8.34|0|1.78
305|MM Ali|16|14|229|0|266|9|0|0|3|0|29.56|25.44|6.97|1|1.75
160|GB Hogg|21|21|458|1|570|23|1|0|4|0|24.78|19.91|7.47|1|1.71
198|JC Archer|21|21|491|2|616|26|0|0|4|0|23.69|18.88|7.53|1|1.71
543|WD Parnell|26|26|572|1|701|26|0|0|5|0|26.96|22.0|7.35|1|1.69
159|G Gambhir|154|0|0|0|0|0|0|0|28|0|0.0|0.0|0.0|9|1.69
459|SK Trivedi|76|75|1506|2|1904|65|1|0|14|0|29.29|23.17|7.59|4|1.68
183|I Sharma|89|89|1907|4|2578|71|0|1|16|0|36.31|26.86|8.11|5|1.66
382|R Sathish|34|14|139|0|232|3|0|0|6|0|77.33|46.33|10.01|2|1.65
273|M Markande|17|17|300|0|427|16|1|0|3|0|26.69|18.75|8.54|1|1.65
63|Ankit Sharma|22|21|367|0|450|12|0|0|4|0|37.5|30.58|7.36|1|1.64
405|RR Powar|27|26|426|0|527|13|0|0|5|0|40.54|32.77|7.42|1|1.63
461|SL Malinga|122|122|2827|8|3366|170|6|1|21|0|19.8|16.63|7.14|7|1.61
212|JM Kemp|5|5|44|0|54|3|0|0|1|0|18.0|14.67|7.36|0|1.6
514|TK Curran|5|5|61|0|118|6|0|0|1|0|19.67|10.17|11.61|0|1.6
396|RJ Peterson|5|4|48|0|70|3|0|0|1|0|23.33|16.0|8.75|0|1.6
521|TS Mills|5|5|107|0|153|5|0|0|1|0|30.6|21.4|8.58|0|1.6
79|BAW Mendis|10|10|240|0|285|8|0|0|2|0|35.62|30.0|7.12|0|1.6
503|Swapnil Singh|5|5|60|0|90|1|0|0|1|0|90.0|60.0|9.0|0|1.6
471|SP Fleming|10|0|0|0|0|0|0|0|2|0|0.0|0.0|0.0|0|1.6
37|AG Paunikar|5|0|0|0|0|0|0|0|1|0|0.0|0.0|0.0|0|1.6
495|Shivam Sharma|5|5|114|0|165|4|0|0|1|0|41.25|28.5|8.68|0|1.6
356|P Suyal|5|5|96|0|151|2|0|0|1|0|75.5|48.0|9.44|0|1.6
493|Shakib Al Hasan|63|62|1328|1|1652|59|0|0|11|0|28.0|22.51|7.46|3|1.59
53|AS Rajpoot|23|23|427|1|615|22|0|1|4|0|27.95|19.41|8.64|1|1.57
179|Harmeet Singh|28|28|549|0|731|27|0|0|5|0|27.07|20.33|7.99|1|1.57
277|M Prasidh Krishna|18|18|410|0|637|14|1|0|3|0|45.5|29.29|9.32|1|1.56
422|S Badrinath|95|0|0|0|0|0|0|0|16|0|0.0|0.0|0.0|5|1.56
41|AL Menaria|29|12|110|0|144|3|0|0|5|0|48.0|36.67|7.85|1|1.52
327|Mustafizur Rahman|24|24|547|1|685|24|0|0|4|0|28.54|22.79|7.51|1|1.5
82|BB Sran|24|24|483|0|757|18|0|0|4|0|42.06|26.83|9.4|1|1.5
535|VRV Singh|19|18|360|0|542|12|0|0|3|0|45.17|30.0|9.03|1|1.47
324|Mohammed Shami|49|49|1032|0|1547|40|0|0|8|0|38.67|25.8|8.99|2|1.47
465|SM Katich|11|0|0|0|0|0|0|0|2|0|0.0|0.0|0.0|0|1.45
452|SD Chitnis|11|2|36|0|60|2|0|0|2|0|30.0|18.0|10.0|0|1.45
362|PJ Sangwan|39|39|802|1|1175|35|0|0|6|0|33.57|22.91|8.79|2|1.44
274|M Morkel|70|70|1629|3|2089|77|1|0|11|0|27.13|21.16|7.69|3|1.43
427|S Kaul|45|45|981|2|1385|49|1|0|7|0|28.27|20.02|8.47|2|1.42
474|SP Narine|110|109|2557|3|2845|122|6|1|17|0|23.32|20.96|6.68|5|1.42
365|PP Ojha|92|90|1899|1|2332|89|0|0|14|0|26.2|21.34|7.37|4|1.39
255|L Balaji|73|73|1513|2|2028|76|3|1|11|0|26.68|19.91|8.04|3|1.37
421|S Badree|12|12|258|1|319|11|1|0|2|0|29.0|23.45|7.42|0|1.33
526|UT Khawaja|6|0|0|0|0|0|0|0|1|0|0.0|0.0|0.0|0|1.33
75|B Stanlake|6|6|144|0|200|7|0|0|1|0|28.57|20.57|8.33|0|1.33
502|Sunny Singh|6|0|0|0|0|0|0|0|1|0|0.0|0.0|0.0|0|1.33
358|PA Reddy|12|0|0|0|0|0|0|0|2|0|0.0|0.0|0.0|0|1.33
445|SB Bangar|12|9|150|0|219|4|0|0|2|0|54.75|37.5|8.76|0|1.33
448|SB Styris|12|11|216|0|276|8|0|0|2|0|34.5|27.0|7.67|0|1.33
295|MJ Clarke|6|5|66|0|67|2|0|0|1|0|33.5|33.0|6.09|0|1.33
314|MS Gony|44|44|888|3|1287|37|0|0|6|0|34.78|24.0|8.7|2|1.27
491|Sandeep Sharma|79|79|1745|8|2272|95|2|0|11|0|23.92|18.37|7.81|3|1.27
268|M Ashwin|22|22|417|0|549|15|0|0|3|0|36.6|27.8|7.9|1|1.27
7|A Mishra|147|147|3101|6|3795|157|3|1|20|0|24.17|19.75|7.34|6|1.25
466|SM Pollock|13|13|276|1|301|11|0|0|2|0|27.36|25.09|6.54|0|1.23
536|VS Malik|13|13|205|0|261|6|0|0|2|0|43.5|34.17|7.64|0|1.23
359|PC Valthaty|23|10|151|0|205|7|1|0|3|0|29.29|21.57|8.15|1|1.22
70|B Chipli|23|1|6|0|20|0|0|0|3|0|0.0|0.0|20.0|1|1.22
484|ST Jayasuriya|30|21|294|1|390|13|0|0|4|0|30.0|22.62|7.96|1|1.2
33|AD Nath|14|0|0|0|0|0|0|0|2|0|0.0|0.0|0.0|0|1.14
328|N Pooran|7|0|0|0|0|0|0|0|1|0|0.0|0.0|0.0|0|1.14
16|AA Bilakhia|7|0|0|0|0|0|0|0|1|0|0.0|0.0|0.0|0|1.14
256|L Ngidi|7|7|156|2|156|11|1|0|1|0|14.18|14.18|6.0|0|1.14
163|GD McGrath|14|14|324|2|357|12|1|0|2|0|29.75|27.0|6.61|0|1.14
397|RJ Quiney|7|0|0|0|0|0|0|0|1|0|0.0|0.0|0.0|0|1.14
64|Ankit Soni|7|6|109|0|144|2|0|0|1|0|72.0|54.5|7.93|0|1.14
433|S Narwal|7|6|106|0|202|5|0|0|1|0|40.4|21.2|11.43|0|1.14
207|JJ Bumrah|77|77|1732|4|2182|82|0|0|9|0|26.61|21.12|7.56|3|1.09
369|PV Tambe|33|33|660|0|853|28|1|0|4|0|30.46|23.57|7.75|1|1.09
345|P Awana|33|33|747|2|1029|39|1|0|4|0|26.38|19.15|8.27|1|1.09
349|P Kumar|119|119|2524|14|3251|90|0|0|14|0|36.12|28.04|7.73|4|1.08
308|MN Samuels|15|11|214|0|284|9|0|0|2|0|31.56|23.78|7.96|0|1.07
137|DL Chahar|34|34|688|3|875|33|0|0|4|0|26.52|20.85|7.63|1|1.06
21|AB Agarkar|42|42|782|0|1151|29|0|0|5|0|39.69|26.97|8.83|1|1.05
326|Mujeeb Ur Rahman|16|16|362|0|480|17|0|0|2|0|28.24|21.29|7.96|0|1.0
361|PJ Cummins|16|16|361|1|499|17|0|0|2|0|29.35|21.24|8.29|0|1.0
351|P Parameswaran|8|8|154|0|224|9|0|0|1|0|24.89|17.11|8.73|0|1.0
454|SE Bond|8|8|186|1|224|9|0|0|1|0|24.89|20.67|7.23|0|1.0
449|SB Wagh|8|8|102|0|137|5|0|0|1|0|27.4|20.4|8.06|0|1.0
56|AS Yadav|8|0|0|0|0|0|0|0|1|0|0.0|0.0|0.0|0|1.0
321|Mohammad Asif|8|8|192|0|296|8|0|0|1|0|37.0|24.0|9.25|0|1.0
319|Misbah-ul-Haq|8|0|0|0|0|0|0|0|1|0|0.0|0.0|0.0|0|1.0
322|Mohammad Hafeez|8|4|60|0|68|2|0|0|1|0|34.0|30.0|6.8|0|1.0
370|Pankaj Singh|17|17|300|1|468|11|0|0|2|0|42.55|27.27|9.36|0|0.94
45|AN Ahmed|17|17|344|1|498|12|0|0|2|0|41.5|28.67|8.69|0|0.94
429|S Ladda|9|9|138|0|224|5|0|0|1|0|44.8|27.6|9.74|0|0.89
276|M Ntini|9|9|210|2|242|7|1|0|1|0|34.57|30.0|6.91|0|0.89
29|AC Voges|9|7|54|0|76|0|0|0|1|0|0.0|0.0|8.44|0|0.89
73|B Laughlin|9|9|167|0|282|10|0|0|1|0|28.2|16.7|10.13|0|0.89
441|S Vidyut|9|1|12|0|22|1|0|0|1|0|22.0|12.0|11.0|0|0.89
23|AB Dinda|78|75|1516|3|2073|69|1|0|7|0|30.04|21.97|8.2|2|0.82
195|J Theron|10|10|216|0|293|9|0|0|1|0|32.56|24.0|8.14|0|0.8
194|J Syed Mohammad|11|11|192|0|283|8|0|0|1|0|35.38|24.0|8.84|0|0.73
437|S Sohal|22|0|0|0|0|0|0|0|2|0|0.0|0.0|0.0|0|0.73
438|S Sreesanth|44|44|880|4|1194|40|0|0|3|0|29.85|22.0|8.14|1|0.64
534|VR Aaron|47|45|916|2|1335|42|0|0|3|0|31.79|21.81|8.74|1|0.6
245|KP Appanna|14|13|216|0|286|9|1|0|1|0|31.78|24.0|7.94|0|0.57
98|CA Ingram|15|0|0|0|0|0|0|0|1|0|0.0|0.0|0.0|0|0.53
468|SN Khan|33|1|2|0|6|0|0|0|2|0|0.0|0.0|18.0|0|0.48
90|BW Hilfenhaus|17|17|372|2|479|22|0|0|1|0|21.77|16.91|7.73|0|0.47
77|BA Bhatt|17|15|296|0|397|12|1|0|1|0|33.08|24.67|8.05|0|0.47
289|MD Mishra|18|0|0|0|0|0|0|0|1|0|0.0|0.0|0.0|0|0.44
12|A Singh|23|23|473|1|620|28|1|0|1|0|22.14|16.89|7.86|0|0.35
299|MJ McClenaghan|56|56|1274|1|1803|71|1|0|1|0|25.39|17.94|8.49|0|0.14
550|Y Prithvi Raj|2|2|30|0|57|1|0|0|0|0|57.0|30.0|11.4|0|0.0
39|AJ Turner|4|0|0|0|0|0|0|0|0|0|0.0|0.0|0.0|0|0.0
19|AA Kazi|1|1|12|0|21|0|0|0|0|0|0.0|0.0|10.5|0|0.0
520|TR Birt|5|0|0|0|0|0|0|0|0|0|0.0|0.0|0.0|0|0.0
3|A Choudhary|5|5|101|2|144|5|0|0|0|0|28.8|20.2|8.55|0|0.0
4|A Dananjaya|1|1|24|0|47|0|0|0|0|0|0.0|0.0|11.75|0|0.0
552|YA Abdulla|11|11|209|1|307|15|2|0|0|0|20.47|13.93|8.81|0|0.0
530|V Pratap Singh|9|9|204|0|296|10|0|0|0|0|29.6|20.4|8.71|0|0.0
261|LH Ferguson|9|9|180|1|276|5|0|0|0|0|55.2|36.0|9.2|0|0.0
522|Tejas Baroka|1|1|21|0|33|0|0|0|0|0|0.0|0.0|9.43|0|0.0
20|AA Noffke|1|1|24|0|40|1|0|0|0|0|40.0|24.0|10.0|0|0.0
497|Shoaib Akhtar|3|3|42|0|54|5|1|0|0|0|10.8|8.4|7.71|0|0.0
22|AB Barath|3|0|0|0|0|0|0|0|0|0|0.0|0.0|0.0|0|0.0
294|MG Neser|1|1|24|0|62|0|0|0|0|0|0.0|0.0|15.5|0|0.0
254|L Ablish|3|3|42|0|75|3|0|0|0|0|25.0|14.0|10.71|0|0.0
241|KM Asif|2|2|36|0|75|3|0|0|0|0|25.0|12.0|12.5|0|0.0
504|T Henderson|2|2|36|0|40|1|0|0|0|0|40.0|36.0|6.67|0|0.0
537|VS Yeligati|2|2|30|0|59|0|0|0|0|0|0.0|0.0|11.8|0|0.0
288|MC Juneja|7|0|0|0|0|0|0|0|0|0|0.0|0.0|0.0|0|0.0
15|A Zampa|11|11|221|0|278|19|0|1|0|0|14.63|11.63|7.55|0|0.0
507|T Natarajan|6|6|76|0|115|2|0|0|0|0|57.5|38.0|9.08|0|0.0
290|MDKJ Perera|2|0|0|0|0|0|0|0|0|0|0.0|0.0|0.0|0|0.0
533|VH Zol|3|0|0|0|0|0|0|0|0|0|0.0|0.0|0.0|0|0.0
528|Umar Gul|6|6|135|1|184|12|1|0|0|0|15.33|11.25|8.18|0|0.0
286|MB Parmar|1|1|18|0|33|0|0|0|0|0|0.0|0.0|11.0|0|0.0
14|A Uniyal|2|2|36|0|66|2|0|0|0|0|33.0|18.0|11.0|0|0.0
519|TP Sudhindra|3|3|70|0|136|1|0|0|0|0|136.0|70.0|11.66|0|0.0
24|AB McDonald|11|10|186|0|261|11|0|0|0|0|23.73|16.91|8.42|0|0.0
11|A Nel|1|1|18|0|31|1|0|0|0|0|31.0|18.0|10.33|0|0.0
283|MA Khote|4|2|30|0|51|2|0|0|0|0|25.5|15.0|10.2|0|0.0
545|WPUJC Vaas|13|13|282|2|355|18|0|0|0|0|19.72|15.67|7.55|0|0.0
512|TD Paine|2|0|0|0|0|0|0|0|0|0|0.0|0.0|0.0|0|0.0
547|X Thalaivan Sargunam|1|0|0|0|0|0|0|0|0|0|0.0|0.0|0.0|0|0.0
501|Sunny Gupta|1|1|18|0|47|0|0|0|0|0|0.0|0.0|15.67|0|0.0
281|M de Lange|5|5|108|1|169|5|0|0|0|0|33.8|21.6|9.39|0|0.0
187|IS Sodhi|8|8|181|1|202|9|0|0|0|0|22.44|20.11|6.7|0|0.0
451|SC Kuggeleijn|2|2|48|0|71|2|0|0|0|0|35.5|24.0|8.88|0|0.0
48|AP Majumdar|4|0|0|0|0|0|0|0|0|0|0.0|0.0|0.0|0|0.0
145|DR Shorey|2|0|0|0|0|0|0|0|0|0|0.0|0.0|0.0|0|0.0
332|NB Singh|2|2|24|0|15|1|0|0|0|0|15.0|24.0|3.75|0|0.0
162|GC Viljoen|6|6|138|0|222|7|0|0|0|0|31.71|19.71|9.65|0|0.0
157|FH Edwards|6|6|140|1|154|5|0|0|0|0|30.8|28.0|6.6|0|0.0
388|RA Shaikh|1|1|6|0|11|0|0|0|0|0|0.0|0.0|11.0|0|0.0
148|DS Lehmann|2|0|0|0|0|0|0|0|0|0|0.0|0.0|0.0|0|0.0
203|JDS Neesham|4|4|54|0|91|1|0|0|0|0|91.0|54.0|10.11|0|0.0
144|DR Martyn|1|0|0|0|0|0|0|0|0|0|0.0|0.0|0.0|0|0.0
333|ND Doshi|4|4|56|0|79|2|0|0|0|0|39.5|28.0|8.46|0|0.0
142|DP Vijaykumar|9|9|152|0|199|4|0|0|0|0|49.75|38.0|7.86|0|0.0
139|DM Bravo|1|0|0|0|0|0|0|0|0|0|0.0|0.0|0.0|0|0.0
398|RK Bhui|2|0|0|0|0|0|0|0|0|0|0.0|0.0|0.0|0|0.0
132|DJ Muthuswami|6|6|84|0|101|4|0|0|0|0|25.25|21.0|7.21|0|0.0
403|RR Bose|1|1|12|0|24|0|0|0|0|0|0.0|0.0|12.0|0|0.0
119|D du Preez|2|2|42|1|56|4|0|0|0|0|14.0|10.5|8.0|0|0.0
167|GR Napier|1|1|24|0|27|1|0|0|0|0|27.0|24.0|6.75|0|0.0
168|GS Sandhu|3|2|48|0|82|1|0|0|0|0|82.0|48.0|10.25|0|0.0
50|AR Bawne|1|0|0|0|0|0|0|0|0|0|0.0|0.0|0.0|0|0.0
354|P Sahu|5|5|105|0|146|3|0|0|0|0|48.67|35.0|8.34|0|0.0
182|I Malhotra|1|1|6|0|23|0|0|0|0|0|0.0|0.0|23.0|0|0.0
346|P Chopra|2|0|0|0|0|0|0|0|0|0|0.0|0.0|0.0|0|0.0
347|P Dharmani|1|0|0|0|0|0|0|0|0|0|0.0|0.0|0.0|0|0.0
180|Harpreet Brar|2|2|30|0|48|0|0|0|0|0|0.0|0.0|9.6|0|0.0
352|P Prasanth|1|1|6|0|18|0|0|0|0|0|0.0|0.0|18.0|0|0.0
353|P Ray Barman|1|1|24|0|56|0|0|0|0|0|0.0|0.0|14.0|0|0.0
191|J Arunkumar|3|0|0|0|0|0|0|0|0|0|0.0|0.0|0.0|0|0.0
169|Gagandeep Singh|4|4|84|0|141|3|0|0|0|0|47.0|28.0|10.07|0|0.0
176|HM Amla|16|0|0|0|0|0|0|0|0|0|0.0|0.0|0.0|0|0.0
173|HF Gurney|8|8|162|0|238|7|0|0|0|0|34.0|23.14|8.81|0|0.0
363|PM Sarvesh Kumar|2|2|30|0|42|1|0|0|0|0|42.0|30.0|8.4|0|0.0
335|NJ Rimmington|1|1|18|0|19|0|0|0|0|0|0.0|0.0|6.33|0|0.0
171|H Das|1|0|0|0|0|0|0|0|0|0|0.0|0.0|0.0|0|0.0
368|PSP Handscomb|2|0|0|0|0|0|0|0|0|0|0.0|0.0|0.0|0|0.0
115|CV Varun|1|1|18|0|35|1|0|0|0|0|35.0|18.0|11.67|0|0.0
109|CK Langeveldt|7|7|156|0|187|13|0|0|0|0|14.38|12.0|7.19|0|0.0
204|JE Taylor|5|5|117|0|157|6|0|0|0|0|26.17|19.5|8.05|0|0.0
236|KJ Abbott|5|5|96|0|177|2|0|0|0|0|88.5|48.0|11.06|0|0.0
85|BJ Haddin|1|0|0|0|0|0|0|0|0|0|0.0|0.0|0.0|0|0.0
447|SB Joshi|4|4|55|0|82|1|0|0|0|0|82.0|55.0|8.95|0|0.0
453|SD Lad|1|0|0|0|0|0|0|0|0|0|0.0|0.0|0.0|0|0.0
220|Jaskaran Singh|8|7|102|0|171|6|0|0|0|0|28.5|17.0|10.06|0|0.0
462|SM Boland|2|2|42|0|54|2|0|0|0|0|27.0|21.0|7.71|0|0.0
224|K Khejroliya|5|5|95|0|153|3|0|0|0|0|51.0|31.67|9.66|0|0.0
66|Arshdeep Singh|3|3|60|0|109|3|0|0|0|0|36.33|20.0|10.9|0|0.0
107|CJ McKay|2|2|42|0|60|1|0|0|0|0|60.0|42.0|8.57|0|0.0
237|KK Ahmed|10|10|227|0|325|19|0|0|0|0|17.11|11.95|8.59|0|0.0
59|Abdur Razzak|1|1|12|0|29|0|0|0|0|0|0.0|0.0|14.5|0|0.0
297|MJ Henry|2|2|30|0|71|1|0|0|0|0|71.0|30.0|14.2|0|0.0
480|SS Mundhe|1|1|6|0|6|1|0|0|0|0|6.0|6.0|6.0|0|0.0
481|SS Sarkar|2|2|25|0|34|1|0|0|0|0|34.0|25.0|8.16|0|0.0
55|AS Roy|1|1|12|0|11|1|0|0|0|0|11.0|12.0|5.5|0|0.0
442|SA Abbott|2|2|30|0|57|0|0|0|0|0|0.0|0.0|11.4|0|0.0
219|JW Hastings|3|3|58|1|66|3|0|0|0|0|22.0|19.33|6.83|0|0.0
439|S Sriram|2|2|18|0|49|0|0|0|0|0|0.0|0.0|16.33|0|0.0
214|JP Behrendorff|5|5|114|0|165|5|0|0|0|0|33.0|22.8|8.68|0|0.0
93|C Ganapathy|1|1|6|0|13|0|0|0|0|0|0.0|0.0|13.0|0|0.0
210|JL Denly|1|0|0|0|0|0|0|0|0|0|0.0|0.0|0.0|0|0.0
94|C Madan|1|0|0|0|0|0|0|0|0|0|0.0|0.0|0.0|0|0.0
428|S Kaushik|10|10|204|0|297|6|0|0|0|0|49.5|34.0|8.74|0|0.0
96|C Nanda|3|3|48|0|57|2|0|0|0|0|28.5|24.0|7.12|0|0.0
315|MS Wade|3|0|0|0|0|0|0|0|0|0|0.0|0.0|0.0|0|0.0
423|S Chanderpaul|3|0|0|0|0|0|0|0|0|0|0.0|0.0|0.0|0|0.0
209|JJ van der Wath|3|3|72|0|129|3|0|0|0|0|43.0|24.0|10.75|0|0.0
318|Mashrafe Mortaza|1|1|24|0|58|0|0|0|0|0|0.0|0.0|14.5|0|0.0
416|RW Price|1|1|18|0|33|0|0|0|0|0|0.0|0.0|11.0|0|0.0
414|RV Pawar|1|0|0|0|0|0|0|0|0|0|0.0|0.0|0.0|0|0.0
104|CJ Dala|1|1|18|0|34|0|0|0|0|0|0.0|0.0|11.33|0|0.0
410|RS Gavaskar|2|1|6|0|8|0|0|0|0|0|0.0|0.0|8.0|0|0.0
271|M Klinger|4|0|0|0|0|0|0|0|0|0|0.0|0.0|0.0|0|0.0
